name	address	city	state	zip
O.Z. Tyler	10 distillery rd	owensboro	ky	42301
Four Roses Distillery	1224 Bonds Mill Rd	Lawrenceburg	ky	40342
Bulleit	3860 Fitzgerald Rd	Louisville	KY	40216
Evan Williams	528 West Main St	Louisville	KY	40202
Heaven Hill	1311 Gilkey Run Rd	Bardstown	KY	40004
Woodford Reserve	7855 McCracken Pike	Versailles	KY	40383
Wild Turkey	1417 Versailles Rd	Lawrenceburg	KY	40342
Town Branch	401 Cross St	Lexington	KY	40508
Angel's Envy	500 E. Main St	Louisville	KY	40202
Jim Beam	526 Happy Hollow Rd	Clermont	KY	40110
Lux Row	3050 E John Rowan Blvd	Bardstown	KY	40004
Old Forester	119 West Main St	Louisville	KY	40202
Maker's Mark	3350 Burks Spring Rd	Loretto	KY	40037
